<?xml version="1.0" encoding="utf-8" ?>
<Defs>

  <ThingDef ParentName="BaseMeleeWeapon_Blunt">
    <defName>MeleeWeapon_StoneHammer</defName>
    <label>StoneHammer</label>
    <description>smoother stone Rock banded to a stick with leather straps.</description>
    <graphicData>
      <texPath>Things/Weapons/Neolithic/StoneHammer/StoneHammer</texPath>
      <graphicClass>Graphic_Single</graphicClass>
      <shaderType>CutoutComplex</shaderType>
    </graphicData>
    <techLevel>Neolithic</techLevel>
    <weaponTags>
      <li>NeolithicMeleeBasic</li>
    </weaponTags>
    <costStuffCount>1</costStuffCount>
    <statBases>
      <WorkToMake>1200</WorkToMake>
      <Mass>1.6</Mass>
    </statBases>
    <equippedAngleOffset>-55</equippedAngleOffset>
    <stuffCategories>
      <li>Stony</li>
    </stuffCategories>
    <costList>
      <WoodLog>3</WoodLog>
	</costList>
    <recipeMaker>
      <recipeUsers>
        <li>CraftingSpot</li>
		<li>StoneWorkingStation</li>
	</recipeUsers>
    </recipeMaker>
    <tools>
      <li>
        <label>handle</label>
        <capacities>
          <li>Poke</li>
        </capacities>
        <power>4</power>
        <cooldownTime>2</cooldownTime>
      </li>
      <li>
        <label>head</label>
        <labelUsedInLogging>false</labelUsedInLogging>
        <capacities>
          <li>Blunt</li>
        </capacities>
        <power>10</power>
        <cooldownTime>2</cooldownTime>
      </li>
    </tools>
  </ThingDef>

  <ThingDef ParentName="BaseMeleeWeapon_Sharp">
    <defName>MeleeWeapon_StoneAxe</defName>
    <label>StoneAxe</label>
    <description>smoother stone Rock banded to a stick with leather straps.</description>
    <graphicData>
      <texPath>Things/Weapons/Neolithic/StoneAxe/StoneAxe</texPath>
      <graphicClass>Graphic_Single</graphicClass>
      <shaderType>CutoutComplex</shaderType>
    </graphicData>
    <techLevel>Neolithic</techLevel>
    <weaponTags>
      <li>NeolithicMeleeBasic</li>
    </weaponTags>
    <costStuffCount>1</costStuffCount>
    <statBases>
      <WorkToMake>1200</WorkToMake>
      <Mass>1.6</Mass>
    </statBases>
    <equippedAngleOffset>-65</equippedAngleOffset>
    <stuffCategories>
      <li>Stony</li>
    </stuffCategories>
    <costList>
      <WoodLog>3</WoodLog>
	</costList>
    <recipeMaker>
      <recipeUsers>
        <li>CraftingSpot</li>
		<li>StoneWorkingStation</li>
      </recipeUsers>
    </recipeMaker>
    <tools>
      <li>
        <label>handle</label>
        <capacities>
          <li>Blunt</li>
        </capacities>
        <power>4</power>
        <cooldownTime>2</cooldownTime>
      </li>
      <li>
        <label>edge</label>
        <capacities>
          <li>Cut</li>
        </capacities>
        <power>10</power>
        <cooldownTime>2.3</cooldownTime>
      </li>
    </tools>
  </ThingDef>
  
  <ThingDef ParentName="BaseMeleeWeapon_Sharp">
    <defName>MeleeWeapon_StoneSword</defName>
    <label>Stone Sword</label>
    <description>Chipped flint sharpened on a wet stone and afixed to a wooden base.</description>
    <graphicData>
      <texPath>Things/Weapons/Neolithic/StoneSword/StoneSword</texPath>
      <graphicClass>Graphic_Single</graphicClass>
      <shaderType>CutoutComplex</shaderType>
    </graphicData>
    <techLevel>Neolithic</techLevel>
    <weaponTags>
      <li>NeolithicMeleeBasic</li>
    </weaponTags>
    <costStuffCount>5</costStuffCount>
    <statBases>
      <WorkToMake>1200</WorkToMake>
      <Mass>1.6</Mass>
    </statBases>
    <equippedAngleOffset>35</equippedAngleOffset>
    <stuffCategories>
      <li>Stony</li>
    </stuffCategories>
    <costList>
      <WoodLog>10</WoodLog>
	</costList>
    <recipeMaker>
      <recipeUsers>
        <li>CraftingSpot</li>
		<li>StoneWorkingStation</li>
      </recipeUsers>
    </recipeMaker>
    <tools>
      <li>
        <label>handle</label>
        <capacities>
          <li>Blunt</li>
        </capacities>
        <power>4</power>
        <cooldownTime>2</cooldownTime>
      </li>
      <li>
        <label>edge</label>
        <capacities>
          <li>Cut</li>
        </capacities>
        <power>14</power>
        <cooldownTime>2.3</cooldownTime>
      </li>
    </tools>
  </ThingDef>
  
  <ThingDef ParentName="BaseMeleeWeapon_Sharp">
    <defName>MeleeWeapon_StoneSpear</defName>
    <label>StoneSpear</label>
    <description>smoother stone Rock banded to a stick with leather straps.</description>
    <graphicData>
      <texPath>Things/Weapons/Neolithic/StoneSpear/StoneSpear</texPath>
      <graphicClass>Graphic_Single</graphicClass>
      <shaderType>CutoutComplex</shaderType>
    </graphicData>
    <techLevel>Neolithic</techLevel>
    <weaponTags>
      <li>NeolithicMeleeBasic</li>
    </weaponTags>
    <costStuffCount>1</costStuffCount>
    <statBases>
      <WorkToMake>1600</WorkToMake>
      <Mass>3.2</Mass>
      <AccuracyTouch>0.70</AccuracyTouch>
      <AccuracyShort>0.78</AccuracyShort>
      <AccuracyMedium>0.65</AccuracyMedium>
      <AccuracyLong>0.35</AccuracyLong>
      <RangedWeapon_Cooldown>2</RangedWeapon_Cooldown>
    </statBases>
    <verbs>
      <li>
        <verbClass>Verb_Shoot</verbClass>
        <hasStandardCommand>true</hasStandardCommand>
        <defaultProjectile>StoneSpear_Thrown</defaultProjectile>
        <warmupTime>3</warmupTime>
        <range>10</range>
        <soundCast>Interact_BeatFire</soundCast>
        <rangedFireRulepack>Combat_RangedFire_Thrown</rangedFireRulepack>
      </li>
    </verbs>
	<equippedAngleOffset>35</equippedAngleOffset>
    <stuffCategories>
      <li>Stony</li>
    </stuffCategories>
    <costList>
      <WoodLog>3</WoodLog>
	</costList>
    <recipeMaker>
      <recipeUsers>
        <li>CraftingSpot</li>
		<li>StoneWorkingStation</li>
    </recipeUsers>
    </recipeMaker>
    <tools>
      <li>
        <label>handle</label>
        <capacities>
          <li>Blunt</li>
        </capacities>
        <power>6</power>
        <cooldownTime>3</cooldownTime>
      </li>
      <li>
        <label>edge</label>
        <capacities>
          <li>Cut</li>
        </capacities>
        <power>8</power>
        <cooldownTime>2</cooldownTime>
      </li>
        <li>
        <label>point</label>
        <capacities>
          <li>Stab</li>
        </capacities>
        <power>12</power>
        <cooldownTime>2</cooldownTime>
      </li>
    </tools>
  </ThingDef>
  
  <ThingDef ParentName="BaseProjectileNeolithic">
    <defName>StoneSpear_Thrown</defName>
    <label>ThrownStoneSpear</label>
    <graphicData>
      <texPath>Things/Weapons/Neolithic/StoneSpear/StoneSpearThrown</texPath>
      <graphicClass>Graphic_Single</graphicClass>
      <shaderType>CutoutComplex</shaderType>
      <drawSize>(1.75,1.75)</drawSize>
    </graphicData>
    <projectile>
      <flyOverhead>false</flyOverhead>
      <damageDef>RangedStab</damageDef>
      <damageAmountBase>10</damageAmountBase>
      <stoppingPower>1.5</stoppingPower>
      <armorPenetrationBase>0.10</armorPenetrationBase>
      <speed>26</speed>
    </projectile>
  </ThingDef>  

  <ThingDef ParentName="BaseWeaponNeolithic">
    <defName>RangedWeapon_LeatherSling</defName>
    <label>LeatherSling</label>
    <description>Long leather pouch used to fling rocks can used as simple blunt weapon when througher does not release the stone.</description>
    <graphicData>
      <texPath>Things/Weapons/Neolithic/LeatherSling/LeatherSling</texPath>
      <graphicClass>Graphic_Single</graphicClass>
    </graphicData>
    <techLevel>Neolithic</techLevel>
    <weaponTags>
      <li>NeolithicMeleeBasic</li>
    </weaponTags>
    <costStuffCount>5</costStuffCount>
    <statBases>
      <WorkToMake>1600</WorkToMake>
      <Mass>1.25</Mass>
      <AccuracyTouch>0.30</AccuracyTouch>
      <AccuracyShort>0.70</AccuracyShort>
      <AccuracyMedium>0.90</AccuracyMedium>
      <AccuracyLong>0.60</AccuracyLong>
      <RangedWeapon_Cooldown>1.65</RangedWeapon_Cooldown>
    </statBases>
    <verbs>
      <li>
        <verbClass>Verb_Shoot</verbClass>
        <hasStandardCommand>true</hasStandardCommand>
        <defaultProjectile>SlingStoneBullet</defaultProjectile>
        <warmupTime>2</warmupTime>
        <range>18</range>
        <soundCast>Interact_BeatFire</soundCast>
      </li>
    </verbs>
	<equippedAngleOffset>0</equippedAngleOffset>
    <stuffCategories>
      <li>Leathery</li>
    </stuffCategories>
    <recipeMaker>
      <recipeUsers>
        <li>CraftingSpot</li>
		<li>StoneWorkingStation</li>
    </recipeUsers>
    </recipeMaker>
    <tools>
      <li>
        <label>head</label>
        <capacities>
          <li>Blunt</li>
        </capacities>
        <power>6</power>
        <cooldownTime>2</cooldownTime>
      </li>
    </tools>
  </ThingDef>
  
  <ThingDef ParentName="BaseProjectileNeolithic">
    <defName>SlingStoneBullet</defName>
    <label>Sling Stone Bullet</label>
    <graphicData>
      <texPath>Things/Weapons/Neolithic/LeatherSling/LeatherSlingBullet</texPath>
      <graphicClass>Graphic_Single</graphicClass>
      <shaderType>CutoutComplex</shaderType>
      <drawSize>(1,1)</drawSize>
    </graphicData>
    <projectile>
      <flyOverhead>false</flyOverhead>
      <damageDef>RangedStab</damageDef>
      <damageAmountBase>10</damageAmountBase>
      <stoppingPower>20</stoppingPower>
      <armorPenetrationBase>0.10</armorPenetrationBase>
      <speed>26</speed>
    </projectile>
  </ThingDef> 

  </Defs>
