<?xml version="1.0" encoding="utf-8" ?>
<Defs>

  <ThingDef ParentName="BenchBase">
    <defName>PrimitiveSmelter</defName>
    <label>primitive smelter</label>
    <description>Extracts usable metal from slag chunks and other mixed metal items. Consumes a lot of fuel.</description>
    <thingClass>Building_WorkTable_HeatPush</thingClass>
    <graphicData>
      <texPath>Buildings/Neolithic/PrimitiveForge/PrimitiveForge</texPath>
      <graphicClass>Graphic_Single</graphicClass>
      <drawSize>(1.15,1.15)</drawSize>
      <drawRotated>false</drawRotated>
      <damageData>
        <cornerTL>Damage/Corner</cornerTL>
        <cornerTR>Damage/Corner</cornerTR>
        <cornerBL>Damage/Corner</cornerBL>
        <cornerBR>Damage/Corner</cornerBR>
      </damageData>
    </graphicData>
    <costStuffCount>30</costStuffCount>
    <costList>
      <WoodLog>10</WoodLog>
    </costList>
    <stuffCategories>
      <li>Stony</li>
    </stuffCategories>
    <altitudeLayer>Building</altitudeLayer>
    <fillPercent>0.5</fillPercent>
    <useHitPoints>True</useHitPoints>
    <statBases>
      <WorkToBuild>500</WorkToBuild>
      <MaxHitPoints>180</MaxHitPoints>
      <Flammability>0.25</Flammability>
    </statBases>
    <size>(1,1)</size>
    <designationCategory>Production</designationCategory>
    <passability>PassThroughOnly</passability>
    <pathCost>70</pathCost>
    <hasInteractionCell>True</hasInteractionCell>
    <interactionCellOffset>(0,0,-1)</interactionCellOffset>
    <surfaceType>Item</surfaceType>
    <terrainAffordanceNeeded>Heavy</terrainAffordanceNeeded>
    <constructionSkillPrerequisite>4</constructionSkillPrerequisite>
    <recipes>
      <li>ExtractMetalFromSlag</li>
      <li>SmeltWeapon</li>
	  <li>DestroyWeapon</li>
    </recipes>
    <inspectorTabs>
      <li>ITab_Bills</li>
    </inspectorTabs>
    <comps>
	  <li Class="CompProperties_Refuelable">
        <fuelConsumptionRate>100.0</fuelConsumptionRate>
        <fuelCapacity>50.0</fuelCapacity>
        <fuelFilter>
          <thingDefs>
            <li>WoodLog</li>
          </thingDefs>
        </fuelFilter>
        <consumeFuelOnlyWhenUsed>true</consumeFuelOnlyWhenUsed>
      </li>
      <li Class="CompProperties_Glower">
        <glowRadius>6</glowRadius>
        <glowColor>(217,112,33,0)</glowColor>
      </li>
      <li Class="CompProperties_HeatPusher">
        <compClass>CompHeatPusherPowered</compClass>
        <heatPerSecond>9</heatPerSecond>
      </li>
    </comps>
    <building>
      <spawnedConceptLearnOpportunity>BillsTab</spawnedConceptLearnOpportunity>
      <heatPerTickWhileWorking>0.32</heatPerTickWhileWorking>
    </building>
    <designationHotKey>Misc10</designationHotKey>
  </ThingDef>
</Defs>