﻿<?xml version="1.0" encoding="utf-8" ?>
<Defs>

  <ThingDef Name="ResourceBase" Abstract="True">
    <thingClass>ThingWithComps</thingClass>
    <category>Item</category>
    <resourceReadoutPriority>Middle</resourceReadoutPriority>
    <useHitPoints>true</useHitPoints>
    <selectable>true</selectable>
    <altitudeLayer>Item</altitudeLayer>
    <stackLimit>750</stackLimit>
    <statBases>
      <Beauty>-4</Beauty>
    </statBases>
    <comps>
      <li Class="CompProperties_Forbiddable"/>
    </comps>
    <alwaysHaulable>true</alwaysHaulable>
    <drawGUIOverlay>true</drawGUIOverlay>
    <rotatable>false</rotatable>
    <pathCost>15</pathCost>
  </ThingDef>
  
</Defs>