<?xml version="1.0" encoding="utf-8" ?>
<Defs>
  
  <ThingDef ParentName="BuildingBase">
    <defName>UniversalFermenter</defName>
    <label>fermenting Pot</label>
    <description>A clay pot for fermenting raw wort into ancient Ale.</description>
   <graphicData>
      <texPath>Things/Fermenter/Fermenter</texPath>
      <graphicClass>Graphic_Single</graphicClass>
      <drawSize>(1.15,1.15)</drawSize>
      <damageData>
        <rect>(0.05,0.1,0.9,0.9)</rect>
      </damageData>
      <shadowData>
        <volume>(0.75, 0.35, 0.33)</volume>
      </shadowData>
    </graphicData>
    <minifiedDef>MinifiedThing</minifiedDef>
    <altitudeLayer>Building</altitudeLayer>
    <passability>PassThroughOnly</passability>
    <fillPercent>0.45</fillPercent>
    <pathCost>60</pathCost>
    <thingCategories>
      <li>BuildingsProduction</li>
    </thingCategories>
    <statBases>
      <WorkToBuild>600</WorkToBuild>
      <Mass>10</Mass>
      <MaxHitPoints>100</MaxHitPoints>
      <Flammability>1.0</Flammability>
    </statBases>
    <costList>
      <Steel>10</Steel>
      <WoodLog>30</WoodLog>
    </costList>
    <comps>
      <li Class="CompProperties_TemperatureRuinable">
        <minSafeTemperature>-1</minSafeTemperature>
        <maxSafeTemperature>32</maxSafeTemperature>
        <progressPerDegreePerTick>0.00001</progressPerDegreePerTick>
      </li>
	  <li Class="UniversalProcessors.CompProperties_UniversalFermenter">
		<products>
			<li>
				<thingDef>Beer</thingDef>
				<ingredientFilter>
					<thingDefs>
						<li>Wort</li>
					</thingDefs>
				</ingredientFilter>
			</li>
		</products>
	  </li>
	  <li Class="CompProperties_Forbiddable"/>
    </comps>
    <tickerType>Rare</tickerType>
    <rotatable>false</rotatable>
    <designationCategory>Production</designationCategory>
    <constructEffect>ConstructWood</constructEffect>
  </ThingDef>

  <ThingDef ParentName="DrugBase">
    <defName>AncientAle</defName>
    <label>Ancient Ale</label>
    <description>Ancient Ale is basically liquid bread but its main effect is intoxication. Excessive consumption can lead to alcohol blackouts and, over time, addiction.</description>
    <descriptionHyperlinks>
      <HediffDef>AlcoholHigh</HediffDef>
      <HediffDef>AlcoholTolerance</HediffDef>
      <HediffDef>Hangover</HediffDef>
      <HediffDef>AlcoholAddiction</HediffDef>
      <HediffDef>Cirrhosis</HediffDef>
      <HediffDef>ChemicalDamageModerate</HediffDef>
    </descriptionHyperlinks>
    <graphicData>
      <texPath>Things/Alcohol/Ale</texPath>
      <graphicClass>Graphic_StackCount</graphicClass>
    </graphicData>
    <equippedAngleOffset>-150</equippedAngleOffset>
    <rotatable>false</rotatable>
    <stackLimit>25</stackLimit>
    <statBases>
      <DeteriorationRate>0.5</DeteriorationRate>
      <MarketValue>12</MarketValue>
      <Mass>0.3</Mass>
      <Flammability>0.5</Flammability>
      <Nutrition>0.08</Nutrition>
    </statBases>
    <ingestible>
      <foodType>Fluid, Processed, Liquor</foodType>
      <joyKind>Chemical</joyKind>
      <joy>0.17</joy>
      <nurseable>true</nurseable>
      <drugCategory>Social</drugCategory>
      <ingestSound>Ingest_Beer</ingestSound>
      <ingestHoldOffsetStanding>
        <northDefault>
          <offset>(0.18,0,0)</offset>
        </northDefault>
      </ingestHoldOffsetStanding>
      <ingestCommandString>Drink {0}</ingestCommandString>
      <ingestReportString>Drinking {0}.</ingestReportString>
      <chairSearchRadius>25</chairSearchRadius>
      <outcomeDoers>
        <li Class="IngestionOutcomeDoer_GiveHediff">
          <hediffDef>AlcoholHigh</hediffDef>
          <severity>0.15</severity>
          <toleranceChemical>Alcohol</toleranceChemical>
        </li>
        <li Class="IngestionOutcomeDoer_GiveHediff">
          <hediffDef>AlcoholTolerance</hediffDef>
          <severity>0.016</severity>
          <divideByBodySize>true</divideByBodySize>
        </li>
      </outcomeDoers>
    </ingestible>
    <equipmentType>Primary</equipmentType>
    <techLevel>Neolithic</techLevel>
    <comps>
      <li Class="CompProperties_Drug">
        <chemical>Alcohol</chemical>
        <addictiveness>0.010</addictiveness>
        <minToleranceToAddict>0.25</minToleranceToAddict>
        <existingAddictionSeverityOffset>0.20</existingAddictionSeverityOffset>
        <needLevelOffset>1</needLevelOffset>
        <listOrder>10</listOrder>
      </li>
      <li>
        <compClass>CompEquippable</compClass>
      </li>
    </comps>
    <tools>
      <li>
        <label>cup</label>
        <capacities>
          <li>Blunt</li>
        </capacities>
        <power>9</power>
        <cooldownTime>2</cooldownTime>
      </li>
    </tools>
  </ThingDef>  
  
  <ThingDef ParentName="ResourceBase">
    <defName>AleWort</defName>
    <label>alewort</label>
    <description>Un-fermented beer. This substance needs to ferment in a fermenting barrel before it becomes drinkable beer.</description>
    <graphicData>
      <texPath>Things/Item/Resource/Wort</texPath>
      <graphicClass>Graphic_Single</graphicClass>
    </graphicData>
    <healthAffectsPrice>false</healthAffectsPrice>
    <rotatable>false</rotatable>
    <stackLimit>200</stackLimit>
    <thingCategories>
      <li>Manufactured</li>
    </thingCategories>
    <statBases>
      <DeteriorationRate>1.0</DeteriorationRate>
      <MarketValue>2.5</MarketValue>
      <Mass>0.8</Mass>
      <Flammability>0.2</Flammability>
      <MaxHitPoints>60</MaxHitPoints>
    </statBases>
    <tickerType>Rare</tickerType>
    <comps>
      <li Class="CompProperties_Rottable">
        <daysToRotStart>5</daysToRotStart>
        <rotDestroys>true</rotDestroys>
      </li>
    </comps>
  </ThingDef>
  
  <RecipeDef>
    <defName>Make_AleWort</defName>
    <label>make ale wort</label>
    <description>Make ale wort from hops.</description>
    <jobString>Making wort.</jobString>
    <workSpeedStat>DrugCookingSpeed</workSpeedStat>
    <workSkill>Cooking</workSkill>
    <effectWorking>Cook</effectWorking>
    <soundWorking>Recipe_Brewing</soundWorking>
    <allowMixingIngredients>true</allowMixingIngredients>
    <workAmount>1000</workAmount>
    <targetCountAdjustment>1</targetCountAdjustment>
    <ingredients>
      <li>
        <filter>
          <thingDefs>
            <li>RawBarley</li>
          </thingDefs>
        </filter>
        <count>25</count>
      </li>
    </ingredients>
    <fixedIngredientFilter>
      <thingDefs>
        <li>RawBarley</li>
      </thingDefs>
    </fixedIngredientFilter>
    <products>
      <AleWort>5</AleWort>
    </products>
	<recipeUsers>
		<li>ElectricStove</li>
		<li>FueledStove</li>
		<li>Campfire</li>
	</recipeUsers>  </RecipeDef>  
</Defs>