<?xml version="1.0" encoding="utf-8" ?>
<Defs>
<!-- Stone Tables-->

  <ThingDef ParentName="BenchBase">
    <defName>WoodenStoneWorkingStation</defName>
    <label>Wooden Stone Working Station</label>
    <description>A stone table with simple stone tools used for cutting and Chisseling stone chunks into usable blocks.</description>
    <thingClass>Building_WorkTable_HeatPush</thingClass>
    <graphicData>
      <texPath>Buildings/Production/MasonTable/MasonTable</texPath>
      <graphicClass>Graphic_Multi</graphicClass>
      <shaderType>CutoutComplex</shaderType>
      <drawSize>(1.15,1.15)</drawSize>
      <damageData>
        <cornerTL>Damage/Corner</cornerTL>
        <cornerTR>Damage/Corner</cornerTR>
        <cornerBL>Damage/Corner</cornerBL>
        <cornerBR>Damage/Corner</cornerBR>
      </damageData>
    </graphicData>
    <costStuffCount>30</costStuffCount>
    <stuffCategories>
      <li>Woody</li>
    </stuffCategories>
    <altitudeLayer>Building</altitudeLayer>
    <fillPercent>0.5</fillPercent>
    <useHitPoints>True</useHitPoints>
    <statBases>
      <WorkToBuild>1200</WorkToBuild>
      <MaxHitPoints>150</MaxHitPoints>
      <Flammability>1.0</Flammability>
      <Cleanliness>-5</Cleanliness>
    </statBases>
    <size>(1,1)</size>
    <designationCategory>Production</designationCategory>
    <passability>PassThroughOnly</passability>
    <pathCost>70</pathCost>
    <hasInteractionCell>True</hasInteractionCell>
    <interactionCellOffset>(0,0,-1)</interactionCellOffset>
    <surfaceType>Item</surfaceType>
    <terrainAffordanceNeeded>Heavy</terrainAffordanceNeeded>

    <inspectorTabs>
      <li>ITab_Bills</li>
    </inspectorTabs>
    <building>
      <spawnedConceptLearnOpportunity>BillsTab</spawnedConceptLearnOpportunity>
    </building>
    <designationHotKey>Misc9</designationHotKey>
  </ThingDef>
  
  
 <ThingDef ParentName="BenchBase">
    <defName>WoodenButhersTable</defName>
    <label>Small Wooden Butchers Table</label>
    <description>A heavy table for butchering dead creatures into pieces of raw meat.</description>
    <thingClass>Building_WorkTable</thingClass>
    <graphicData>
      <texPath>Buildings/Production/MiscTable/MiscTable</texPath>
      <graphicClass>Graphic_Multi</graphicClass>
      <shaderType>CutoutComplex</shaderType>
      <drawSize>(1.15,1.15)</drawSize>
      <damageData>
        <cornerTL>Damage/Corner</cornerTL>
        <cornerTR>Damage/Corner</cornerTR>
        <cornerBL>Damage/Corner</cornerBL>
        <cornerBR>Damage/Corner</cornerBR>
      </damageData>
    </graphicData>
    <castEdgeShadows>false</castEdgeShadows>
    <costStuffCount>15</costStuffCount>
    <stuffCategories>
      <li>Woody</li>
    </stuffCategories>
    <altitudeLayer>Building</altitudeLayer>
    <fillPercent>0.5</fillPercent>
    <useHitPoints>True</useHitPoints>
    <statBases>
      <WorkToBuild>1200</WorkToBuild>
      <MaxHitPoints>150</MaxHitPoints>
      <Flammability>1.0</Flammability>
      <Cleanliness>-5</Cleanliness>
    </statBases>
    <size>(1,1)</size>
    <designationCategory>Production</designationCategory>
    <passability>PassThroughOnly</passability>
    <pathCost>60</pathCost>
    <hasInteractionCell>True</hasInteractionCell>
    <interactionCellOffset>(0,0,-1)</interactionCellOffset>
    <surfaceType>Item</surfaceType>
    <recipes>
      <li>ButcherCorpseFlesh</li>
      <li>Make_Kibble</li>
    </recipes>
    <inspectorTabs>
      <li>ITab_Bills</li>
    </inspectorTabs>
    <building>
      <spawnedConceptLearnOpportunity>BillsTab</spawnedConceptLearnOpportunity>
    </building>
    <designationHotKey>Misc3</designationHotKey>
  </ThingDef>

  <ThingDef ParentName="BenchBase">
    <defName>SmallWoodenResearchTable</defName>
    <label>Small Wooden Research Table</label>
    <description>A simple stone table with pestel mortar for grinding herbs scones and mixing liquids. Also a tablet for recording observations. Researchers work here to discover new things.</description>
    <thingClass>Building_ResearchBench</thingClass>
    <size>(1,1)</size>
    <stuffCategories>
      <li>Woody</li>
    </stuffCategories>
    <costStuffCount>30</costStuffCount>
    <graphicData>
      <texPath>Buildings/Production/ResearchTable/ResearchTable</texPath>
      <graphicClass>Graphic_Multi</graphicClass>
      <shaderType>CutoutComplex</shaderType>
      <drawSize>(1.15,1.15)</drawSize>
      <damageData>
        <cornerTL>Damage/Corner</cornerTL>
        <cornerTR>Damage/Corner</cornerTR>
        <cornerBL>Damage/Corner</cornerBL>
        <cornerBR>Damage/Corner</cornerBR>
      </damageData>
    </graphicData>
    <castEdgeShadows>false</castEdgeShadows>
    <altitudeLayer>Building</altitudeLayer>
    <passability>PassThroughOnly</passability>
    <pathCost>70</pathCost>
    <statBases>
      <MaxHitPoints>150</MaxHitPoints>
      <WorkToBuild>1200</WorkToBuild>
      <Flammability>1.0</Flammability>
      <ResearchSpeedFactor>0.6</ResearchSpeedFactor>
    </statBases>
    <fillPercent>0.5</fillPercent>
    <interactionCellOffset>(0,0,-1)</interactionCellOffset>
    <hasInteractionCell>true</hasInteractionCell>
    <designationCategory>Production</designationCategory>
    <surfaceType>Item</surfaceType>
  </ThingDef>
</Defs>