<?xml version="1.0" encoding="utf-8" ?>
<Defs>

  <ThingDef ParentName="OrganicProductBase">
    <defName>CuredMeat</defName>
    <label>Cured Meat</label>
    <description>Cured mead that can be used as an ingrediant too.</description>
    <thingClass>ThingWithComps</thingClass>
    <thingCategories>
      <li>Foods</li>
      <li>MeatRaw</li>
    </thingCategories>
    <graphicData>
      <texPath>Things/Resource/CuredMeat</texPath>
      <graphicClass>Graphic_StackCount</graphicClass>
    </graphicData>
    <socialPropernessMatters>true</socialPropernessMatters>
    <statBases>
      <MarketValue>1.4</MarketValue>
      <Mass>0.02</Mass>
      <Flammability>0.6</Flammability>
      <WorkToMake>700</WorkToMake>
			<DeteriorationRate>2</DeteriorationRate>
      <Nutrition>0.07</Nutrition>
    </statBases>
    <ingestible>
      <foodType>Meal</foodType>
      <preferability>MealSimple</preferability>
      <ingestEffect>EatVegetarian</ingestEffect>
      <ingestSound>Meal_Eat</ingestSound>
			<optimalityOffsetHumanlikes>6</optimalityOffsetHumanlikes>
		</ingestible>
    <comps>
      <li Class="CompProperties_Rottable">
        <daysToRotStart>30</daysToRotStart>
        <rotDestroys>true</rotDestroys>
      </li>
      <li Class="CompProperties_Ingredients" />
      <li Class="CompProperties_FoodPoisonable" />
    </comps>
  </ThingDef>
  

  <RecipeDef>
    <defName>Make_CuredMeat</defName>
    <label>Make Cured Meat</label>
    <description>Make cured meat by wrapping meat in lard and tending it daily.</description>
    <jobString>Making Cured Meat.</jobString>
    <workAmount>1000</workAmount>
    <workSpeedStat>CookSpeed</workSpeedStat>
    <requiredGiverWorkType>Cooking</requiredGiverWorkType>
    <effectWorking>Cook</effectWorking>
    <soundWorking>Recipe_CookMeal</soundWorking>
    <allowMixingIngredients>true</allowMixingIngredients>
    <ingredientValueGetterClass>IngredientValueGetter_Nutrition</ingredientValueGetterClass>
    <ingredients>
      <li>
        <filter>
          <categories>
            <li>MeatRaw</li>
          </categories>
        </filter>
        <count>1</count>
      </li>
    </ingredients>
    <products>
      <CuredMeat>20</CuredMeat>
    </products>
    <fixedIngredientFilter>
      <categories>
        <li>FoodRaw</li>
      </categories>
      <disallowedCategories>
        <li>AnimalProductRaw</li>
      </disallowedCategories>
      <specialFiltersToDisallow>
        <li>AllowPlantFood</li>
      </specialFiltersToDisallow>
    </fixedIngredientFilter>
    <defaultIngredientFilter>
      <categories>
        <li>FoodRaw</li>
      </categories>
      <disallowedThingDefs>
        <li>CuredMeat</li>
        <li>Meat_Human</li>
        <li>Meat_Megaspider</li>
      </disallowedThingDefs>
    </defaultIngredientFilter>
    <workSkill>Cooking</workSkill>
  </RecipeDef>  
</Defs>