<?xml version="1.0" encoding="utf-8" ?>
<Defs>
   <WorkGiverDef>
    <defName>DoBillsStonecut</defName>
    <label>make stone blocks</label>
    <giverClass>WorkGiver_DoBill</giverClass>
    <workType>Crafting</workType>
    <priorityInType>90</priorityInType>
    <fixedBillGiverDefs>
      <li>TableStonecutter</li>
      <li>StoneChippingSpot</li>
      <li>StoneWorkingStation</li>
      <li>WoodenStoneWorkingStation</li>
    </fixedBillGiverDefs>
    <verb>stonecut</verb>
    <gerund>cutting stone blocks at</gerund>
    <requiredCapacities>
      <li>Manipulation</li>
    </requiredCapacities>
    <prioritizeSustains>true</prioritizeSustains>
  </WorkGiverDef>

  <WorkGiverDef>
    <defName>DoBillsButcherFlesh</defName>
    <label>butcher creatures</label>
    <giverClass>WorkGiver_DoBill</giverClass>
    <workType>Cooking</workType>
    <priorityInType>90</priorityInType>
    <fixedBillGiverDefs>
      <li>TableButcher</li>
      <li>ButcherSpot</li>
      <li>StoneButhersBlock</li>
      <li>WoodenButhersTable</li>
    </fixedBillGiverDefs>
    <verb>butcher</verb>
    <gerund>butchering at</gerund>
    <requiredCapacities>
      <li>Manipulation</li>
    </requiredCapacities>
    <prioritizeSustains>true</prioritizeSustains>
  </WorkGiverDef>
  
  <WorkGiverDef>
    <defName>DoBillsSmelter</defName>
    <label>smelt items</label>
    <giverClass>WorkGiver_DoBill</giverClass>
    <workType>Crafting</workType>
    <priorityInType>80</priorityInType>
    <fixedBillGiverDefs>
      <li>ElectricSmelter</li>
      <li>PrimitiveSmelter</li>
    </fixedBillGiverDefs>
    <verb>refine</verb>
    <gerund>refining at</gerund>
    <requiredCapacities>
      <li>Manipulation</li>
    </requiredCapacities>
    <prioritizeSustains>true</prioritizeSustains>
  </WorkGiverDef>  
  </Defs>
