<?xml version="1.0" encoding="utf-8" ?>
<Patch>

	<!-- Add VG's custom items -->

	<Operation Class="PatchOperationAdd">
		<xpath>Defs/ThingDef[defName = "UniversalFermenter"]/comps/li[@Class="UniversalProcessors.CompProperties_UniversalFermenter"]/products</xpath>
		<value>
				<li>
					<thingDef>AncientAle</thingDef>
				<ingredientFilter>
					<thingDefs>
						<li>AleWort</li>
					</thingDefs>
				</ingredientFilter>
				<baseFermentationDuration>200000</baseFermentationDuration>
			</li>
		  </value>
	</Operation>

</Patch>