<?xml version="1.0" encoding="utf-8" ?>
<Defs>

	<RecipeDef ParentName="CookMealBase">
    <defName>CookPotOfPorridge</defName>
    <label>cook a pot of Porridge for five</label>
    <description>Cook a pot of porridge enough nutrients for five people.</description>
    <jobString>Cooking a pot porridge.</jobString>
    <workSpeedStat>CookSpeed</workSpeedStat>
    <requiredGiverWorkType>Cooking</requiredGiverWorkType>
    <effectWorking>Cook</effectWorking>
    <unfinishedThingDef>ClayCookingPot</unfinishedThingDef>
    <soundWorking>Recipe_CookMeal</soundWorking>
    <allowMixingIngredients>true</allowMixingIngredients>
    <ingredientValueGetterClass>IngredientValueGetter_Nutrition</ingredientValueGetterClass>
    <ingredients>
      <li>
        <filter>
          <categories>
            <li>Cereal</li>
          </categories>
        </filter>
        <count>2</count>
      </li>
    </ingredients>
		<products>
			<BowlOfPorridge>5</BowlOfPorridge>
		</products>
    <workSkill>Cooking</workSkill>
	<recipeUsers>
		<li>ElectricStove</li>
		<li>FueledStove</li>
		<li>Campfire</li>
	</recipeUsers>
  </RecipeDef>
 
	<RecipeDef ParentName="CookMealBase">
	
    <defName>CookPotOfCreamyPorridge</defName>
    <label>cook a pot of Creamy Porridge for five</label>
    <description>Cook a pot of Delicous Creamy porridge enough nutrients and some flavor for five people.</description>
    <jobString>Cooking a pot porridge.</jobString>
    <workSpeedStat>CookSpeed</workSpeedStat>
    <requiredGiverWorkType>Cooking</requiredGiverWorkType>
    <effectWorking>Cook</effectWorking>
    <unfinishedThingDef>ClayCookingPot</unfinishedThingDef>
    <soundWorking>Recipe_CookMeal</soundWorking>
    <allowMixingIngredients>true</allowMixingIngredients>
    <ingredientValueGetterClass>IngredientValueGetter_Nutrition</ingredientValueGetterClass>
    <ingredients>
      <li>
        <filter>
          <categories>
            <li>Cereal</li>
          </categories>
        </filter>
        <count>1</count>
      </li>
	  
	  <li>
		<filter>
			<thingDefs>
				<li>Milk</li>
			</thingDefs>
		</filter>
		<count>1</count>
	  </li>
    </ingredients>
	<fixedIngredientFilter>
		<thingDefs>
			<li>Milk</li>
		</thingDefs>
	</fixedIngredientFilter>
	<products>
		<BowlOfCreamyPorridge>5</BowlOfCreamyPorridge>
	</products>
    <workSkill>Cooking</workSkill>
	<recipeUsers>
		<li>ElectricStove</li>
		<li>FueledStove</li>
		<li>Campfire</li>
	</recipeUsers>
	</RecipeDef>
	
	<RecipeDef ParentName="CookMealBase">
    <defName>CookPotOfSweetPorridge</defName>
    <label>cook a pot of Sweet Porridge for five</label>
    <description>Cook a pot of sweet porridge enough nutrients and some flavor for five people.</description>
    <jobString>Cooking a pot porridge.</jobString>
    <workSpeedStat>CookSpeed</workSpeedStat>
    <requiredGiverWorkType>Cooking</requiredGiverWorkType>
    <effectWorking>Cook</effectWorking>
    <unfinishedThingDef>ClayCookingPot</unfinishedThingDef>
    <soundWorking>Recipe_CookMeal</soundWorking>
    <allowMixingIngredients>true</allowMixingIngredients>
    <ingredientValueGetterClass>IngredientValueGetter_Nutrition</ingredientValueGetterClass>
    <ingredients>
      <li>
        <filter>
          <categories>
            <li>Cereal</li>
          </categories>
        </filter>
        <count>1</count>
      </li>
	  
      <li>
        <filter>
          <categories>
            <li>FruitFoodRaw</li>
          </categories>
			<thingDefs>
				<li>RawBerries</li>
			</thingDefs>
        </filter>
        <count>1</count>
      </li>	  
    </ingredients>
		<products>
			<BowlOfSweetPorridge>5</BowlOfSweetPorridge>
		</products>
    <workSkill>Cooking</workSkill>
	<recipeUsers>
		<li>ElectricStove</li>
		<li>FueledStove</li>
		<li>Campfire</li>
	</recipeUsers>
	</RecipeDef> 
	
	<RecipeDef ParentName="CookMealBase">
    <defName>CookPotOfCreamySweetPorridge</defName>
    <label>cook a pot of Creamy Sweet Porridge for five</label>
    <description>Cook a pot of Delicous Creamy Sweet porridge enough nutrients and flavor for five people.</description>
    <jobString>Cooking a pot porridge.</jobString>
    <workSpeedStat>CookSpeed</workSpeedStat>
    <requiredGiverWorkType>Cooking</requiredGiverWorkType>
    <effectWorking>Cook</effectWorking>
    <unfinishedThingDef>ClayCookingPot</unfinishedThingDef>
    <soundWorking>Recipe_CookMeal</soundWorking>
    <allowMixingIngredients>true</allowMixingIngredients>
    <ingredientValueGetterClass>IngredientValueGetter_Nutrition</ingredientValueGetterClass>
    <ingredients>
      <li>
        <filter>
          <categories>
            <li>Cereal</li>
          </categories>
        </filter>
        <count>1</count>
      </li>
	  
      <li>
        <filter>
          <categories>
            <li>FruitFoodRaw</li>
          </categories>
		  <thingDefs>
			<li>RawBerries</li>
		  </thingDefs>
        </filter>
        <count>1</count>
      </li>
	  
	  <li>
		<filter>
			<thingDefs>
				<li>Milk</li>
			</thingDefs>
		</filter>
		<count>1</count>
	  </li>
    </ingredients>
	<fixedIngredientFilter>
		<thingDefs>
			<li>Milk</li>
		</thingDefs>
	</fixedIngredientFilter>
	<products>
		<BowlOfCreamySweetPorridge>5</BowlOfCreamySweetPorridge>
	</products>
    <workSkill>Cooking</workSkill>
	<recipeUsers>
		<li>ElectricStove</li>
		<li>FueledStove</li>
		<li>Campfire</li>
	</recipeUsers>
	</RecipeDef> 
	
</Defs>