<?xml version="1.0" encoding="utf-8" ?>
<Defs>

	<!-- ========================= Mason's table ==========================-->
  <ThingDef ParentName="BuildingBase">
    <defName>CraftingSpot</defName>
    <label>crafting spot</label>
    <description>A place for crafting simple items like knives or bows. Production here is slow because of the lack of tools.</description>
    <thingClass>Building_WorkTable</thingClass>
    <graphicData>
      <texPath>Things/Building/Production/CraftingSpot</texPath>
      <graphicClass>Graphic_Single</graphicClass>
      <drawSize>(1,1)</drawSize>
    </graphicData>
    <altitudeLayer>FloorEmplacement</altitudeLayer>
    <statBases>
      <WorkToBuild>0</WorkToBuild>
      <WorkTableWorkSpeedFactor>0.5</WorkTableWorkSpeedFactor>
    </statBases>
    <scatterableOnMapGen>false</scatterableOnMapGen>
    <useHitPoints>false</useHitPoints>
    <size>(1,1)</size>
    <designationCategory>Production</designationCategory>
    <passability>Standable</passability>
    <hasInteractionCell>True</hasInteractionCell>
    <interactionCellOffset>(0,0,-1)</interactionCellOffset>
    <surfaceType>Item</surfaceType>
    <inspectorTabs>
      <li>ITab_Bills</li>
    </inspectorTabs>
    <building>
      <spawnedConceptLearnOpportunity>BillsTab</spawnedConceptLearnOpportunity>
      <sowTag>SupportPlantsOnly</sowTag>
      <canPlaceOverImpassablePlant>false</canPlaceOverImpassablePlant>
      <ai_chillDestination>false</ai_chillDestination>
    </building>
    <comps>
		<li Class="CompProperties_AffectedByFacilities">
			<linkableFacilities>
			</linkableFacilities>
		</li>
	</comps>
    <designationHotKey>Misc1</designationHotKey>
    <placeWorkers>
      <li>PlaceWorker_ShowFacilitiesConnections</li>
      <li>PlaceWorker_ReportWorkSpeedPenalties</li>
    </placeWorkers>
  </ThingDef>

  
    <ThingDef ParentName="BuildingBase">
    <defName>ButcherSpot</defName>
    <label>butcher spot</label>
    <description>A place for butchering animals. Due to the lack of equipment, butchering here yields only 50% of the meat and leather of each creature.</description>
    <thingClass>Building_WorkTable</thingClass>
    <graphicData>
      <texPath>Things/Building/Production/ButcherSpot</texPath>
      <graphicClass>Graphic_Single</graphicClass>
      <drawSize>(1,1)</drawSize>
    </graphicData>
    <altitudeLayer>FloorEmplacement</altitudeLayer>
    <statBases>
      <WorkToBuild>0</WorkToBuild>
      <WorkTableEfficiencyFactor>0.5</WorkTableEfficiencyFactor>
    </statBases>
    <scatterableOnMapGen>false</scatterableOnMapGen>
    <useHitPoints>false</useHitPoints>
    <size>(1,1)</size>
    <designationCategory>Production</designationCategory>
    <passability>Standable</passability>
    <hasInteractionCell>True</hasInteractionCell>
    <interactionCellOffset>(0,0,-1)</interactionCellOffset>
    <surfaceType>Item</surfaceType>
    <recipes>
      <li>ButcherCorpseFlesh</li>
      <li>Make_Kibble</li>
    </recipes>
    <inspectorTabs>
      <li>ITab_Bills</li>
    </inspectorTabs>
    <building>
      <spawnedConceptLearnOpportunity>BillsTab</spawnedConceptLearnOpportunity>
      <sowTag>SupportPlantsOnly</sowTag>
      <canPlaceOverImpassablePlant>false</canPlaceOverImpassablePlant>
      <ai_chillDestination>false</ai_chillDestination>
    </building>
    <comps>
		<li Class="CompProperties_AffectedByFacilities">
			<linkableFacilities>
			</linkableFacilities>
		</li>
	</comps>
    <designationHotKey>Misc1</designationHotKey>
    <placeWorkers>
      <li>PlaceWorker_ShowFacilitiesConnections</li>
      <li>PlaceWorker_ReportWorkSpeedPenalties</li>
    </placeWorkers>
  </ThingDef>
  
  
	<ThingDef ParentName="BuildingBase">
	
	<defName>StoneChippingSpot</defName>
		<label>stone chipping spot</label>
		<description>A place to chip stones into useable blocks</description>
		<thingClass>Building_WorkTable</thingClass>
		<graphicData>
			<texPath>Things/Building/Production/CraftingSpot</texPath>
			<graphicClass>Graphic_Single</graphicClass>
			<drawSize>(1,1)</drawSize>
		</graphicData>
		<altitudeLayer>FloorEmplacement</altitudeLayer>
		<statBases>
			<WorkToBuild>0</WorkToBuild>
			<WorkTableWorkSpeedFactor>0.6</WorkTableWorkSpeedFactor>
		</statBases>
		<scatterableOnMapGen>false</scatterableOnMapGen>
		<useHitPoints>False</useHitPoints>
		<size>(1,1)</size>
		<designationCategory>Production</designationCategory>
		<passability>Standable</passability>
		<hasInteractionCell>True</hasInteractionCell>
		<interactionCellOffset>(0,0,-1)</interactionCellOffset>
		<surfaceType>Item</surfaceType>
		<inspectorTabs>
			<li>ITab_Bills</li>
		</inspectorTabs>
		<building>
			<spawnedConceptLearnOpportunity>BillsTab</spawnedConceptLearnOpportunity>
			<sowTag>SupportPlantsOnly</sowTag>
			<canPlaceOverImpassablePlant>false</canPlaceOverImpassablePlant>
		</building>
		    <comps>
		<li Class="CompProperties_AffectedByFacilities">
			<linkableFacilities>
			</linkableFacilities>
		</li>
		</comps>
		<designationHotKey>Misc4</designationHotKey>
		<placeWorkers>
			<li>PlaceWorker_ShowFacilitiesConnections</li>
		</placeWorkers>
	</ThingDef>  
  <!-- ========== Non-standard work buildings ==============-->

	<ThingDef ParentName="BuildingBase">
		<defName>ResearchingSpot</defName>
		<label>researching spot</label>
		<description>A place to do simple research.</description>
		<thingClass>Building_ResearchBench</thingClass>
		<graphicData>
			<texPath>Things/Building/Production/CraftingSpot</texPath>
			<graphicClass>Graphic_Single</graphicClass>
			<drawSize>(1,1)</drawSize>
		</graphicData>
		<altitudeLayer>FloorEmplacement</altitudeLayer>
		<statBases>
			<WorkToBuild>0</WorkToBuild>
			<ResearchSpeedFactor>0.3</ResearchSpeedFactor>
		</statBases>
		<scatterableOnMapGen>false</scatterableOnMapGen>
		<useHitPoints>False</useHitPoints>
		<size>(1,1)</size>
		<designationCategory>Production</designationCategory>
		<passability>Standable</passability>
		<hasInteractionCell>True</hasInteractionCell>
		<interactionCellOffset>(0,0,-1)</interactionCellOffset>
		<surfaceType>Item</surfaceType>
		<building>
			<sowTag>SupportPlantsOnly</sowTag>
			<canPlaceOverImpassablePlant>false</canPlaceOverImpassablePlant>
		</building>
		<designationHotKey>Misc6</designationHotKey>
		<!--
		<researchPrerequisites>
			<li>TribalEssentials</li>
		</researchPrerequisites>
		-->
	</ThingDef>
</Defs>