﻿<?xml version="1.0" encoding="utf-8" ?>
<Defs>

	<JobDef>
		<defName>FillUniversalFermenter</defName>
		<driverClass>UniversalProcessors.JobDriver_FillUniversalFermenter</driverClass>
		<reportString>filling TargetA.</reportString>
		<suspendable>false</suspendable>
		<allowOpportunisticPrefix>true</allowOpportunisticPrefix>
	</JobDef>
	
	<JobDef>
		<defName>TakeProductOutOfUniversalFermenter</defName>
		<driverClass>UniversalProcessors.JobDriver_TakeProductOutOfUniversalFermenter</driverClass>
		<reportString>taking product out of TargetA.</reportString>
		<suspendable>false</suspendable>
		<allowOpportunisticPrefix>true</allowOpportunisticPrefix>
	</JobDef>

</Defs>