<?xml version="1.0" encoding="utf-8" ?>
<Defs>


	<ThingDef ParentName="BaseMeleeWeapon_Blunt_Quality" Name="ShieldBase" Abstract="True">
		<defName>StandardShield</defName>
		<label>BaseShield</label>
		<equipmentType>None</equipmentType>
		<techLevel>Neolithic</techLevel>
		<tools>
			<li>
				<label>side</label>
				<capacities>
					<li>Poke</li>
				</capacities>
				<power>5</power>
				<cooldownTime>0.8</cooldownTime>
			</li>
			<li>
				<label>buckle</label>
				<labelUsedInLogging>false</labelUsedInLogging>
				<capacities>
					<li>Blunt</li>
				</capacities>
				<power>8.0</power>
				<cooldownTime>1.3</cooldownTime>
			</li>
		</tools>
	</ThingDef>
	
	<ThingDef ParentName="ShieldBase">
		<defName>SimpleWoodenShield</defName>
		<label>Simple Wooden Shield</label>
		<graphicData>
			<texPath>Things/Shields/Neolithic/AncientMediumWoodenShield</texPath>
			<graphicClass>Graphic_Single</graphicClass>
		</graphicData>
		<weaponTags>
			<li>Shield</li>
		</weaponTags>
				<statBases>
			<WorkToMake>100</WorkToMake>
			<MaxHitPoints>160</MaxHitPoints>
			<Mass>4.0</Mass>
		</statBases>
		<equippedStatOffsets>
			<ShootingAccuracyPawn>-0.5</ShootingAccuracyPawn>
			<!--MoveSpeed>-1.6</MoveSpeed-->
		</equippedStatOffsets>
		<equippedAngleOffset>-25</equippedAngleOffset>
		<stuffCategories>
			<li>Woody</li>
		</stuffCategories>
		<costList>
			<WoodLog>30</WoodLog>
 		</costList>
		<recipeMaker>
			<recipeUsers>
				<li>CraftingSpot</li>
			</recipeUsers>
		</recipeMaker>
		<comps>
			<li Class="PawnShields.CompProperties_Shield">
				<!-- Rendering systems -->
				<wieldedGraphic>
					<graphicClass>Graphic_Single</graphicClass>
					<texPath>Things/Shields/Neolithic/AncientMediumWoodenShield</texPath>
					<drawSize>(1.1, 1.1)</drawSize>
				</wieldedGraphic>
				<renderProperties>
					<!-- Same as defaults in C# -->
					<northOffset>(-0.3, -0.017, -0.3)</northOffset>
					<southOffset>(0.3, 0.033, -0.3)</southOffset>
					<westOffset>(-0.0, 0.053, -0.0)</westOffset>
					<eastOffset>(0.0, -0.017, -0.0)</eastOffset>
					<flipRotation>true</flipRotation>
					<renderWhenPeaceful>false</renderWhenPeaceful>
				</renderProperties>
				<!-- Blocking system (Optional???) -->
				<canBlockRanged>true</canBlockRanged>
				<canBlockMelee>true</canBlockMelee>
				<meleeBlockChanceFactor>8.0</meleeBlockChanceFactor>				<!-- Default: 1.0 == 100% -->
				<rangedBlockChanceFactor>0.5</rangedBlockChanceFactor>
				<!-- Shield damage system (Optional) -->
				<shieldTakeDamage>true</shieldTakeDamage>
				<shieldTakeDamageFactor>1.2</shieldTakeDamageFactor>
				<!-- Auto discard system (Optional) -->
				<canBeAutoDiscarded>true</canBeAutoDiscarded>
				<healthAutoDiscardThreshold>0.2</healthAutoDiscardThreshold>
				<!-- Shield fatigue system (Optional) -->
				<useFatigue>true</useFatigue>
				<damageToFatigueFactor>0.005</damageToFatigueFactor>
			</li>
		</comps>
	</ThingDef>	
	
	<ThingDef ParentName="ShieldBase">
		<defName>Maasai</defName>
		<label>Maasai</label>
		<graphicData>
			<texPath>Things/Shields/Neolithic/Maasai</texPath>
			<graphicClass>Graphic_Single</graphicClass>
		</graphicData>
		<weaponTags>
			<li>Shield</li>
		</weaponTags>
				<statBases>
			<WorkToMake>100</WorkToMake>
			<MaxHitPoints>160</MaxHitPoints>
			<Mass>4.0</Mass>
		</statBases>
		<equippedStatOffsets>
			<ShootingAccuracyPawn>-0.5</ShootingAccuracyPawn>
			<!--MoveSpeed>-1.6</MoveSpeed-->
		</equippedStatOffsets>
		<equippedAngleOffset>-25</equippedAngleOffset>
		<stuffCategories>
			<li>Leathery</li>
		</stuffCategories>
		<costStuffCount>40</costStuffCount>
		<costList>
			<WoodLog>10</WoodLog>
 		</costList>
		<recipeMaker>
			<recipeUsers>
				<li>CraftingSpot</li>
			</recipeUsers>
		</recipeMaker>
		<comps>
			<li Class="PawnShields.CompProperties_Shield">
				<!-- Rendering systems -->
				<wieldedGraphic>
					<graphicClass>Graphic_Single</graphicClass>
					<texPath>Things/Shields/Neolithic/Maasai</texPath>
					<drawSize>(1.1, 1.1)</drawSize>
				</wieldedGraphic>
				<renderProperties>
					<!-- Same as defaults in C# -->
					<northOffset>(-0.3, -0.017, -0.1)</northOffset>
					<southOffset>(0.3, 0.033, -0.1)</southOffset>
					<westOffset>(-0.0, 0.053, -0.2)</westOffset>
					<eastOffset>(0.0, -0.017, -0.2)</eastOffset>
					<flipRotation>true</flipRotation>
					<renderWhenPeaceful>false</renderWhenPeaceful>
				</renderProperties>
				<!-- Blocking system (Optional???) -->
				<canBlockRanged>true</canBlockRanged>
				<canBlockMelee>true</canBlockMelee>
				<meleeBlockChanceFactor>8.0</meleeBlockChanceFactor>				<!-- Default: 1.0 == 100% -->
				<rangedBlockChanceFactor>0.5</rangedBlockChanceFactor>
				<!-- Shield damage system (Optional) -->
				<shieldTakeDamage>true</shieldTakeDamage>
				<shieldTakeDamageFactor>1.2</shieldTakeDamageFactor>
				<!-- Auto discard system (Optional) -->
				<canBeAutoDiscarded>true</canBeAutoDiscarded>
				<healthAutoDiscardThreshold>0.2</healthAutoDiscardThreshold>
				<!-- Shield fatigue system (Optional) -->
				<useFatigue>true</useFatigue>
				<damageToFatigueFactor>0.005</damageToFatigueFactor>
			</li>
		</comps>
	</ThingDef>		
</Defs>